Generation,Score
0,0.9996999465424967
1,0.9995656849741699
2,0.9992148203290645
3,0.9992148203290645
4,0.998967271673559
5,0.998967271673559
6,0.9988560665425159
7,0.9985191683291655
8,0.9982151361459118
9,0.9979287875589874
